{
    "engcal": [
        -0.39918555699707053,
        0.4024483705183539,
        9.78212126435753e-08
    ],
    "effcal": [
        0.007886378303567641,
        76.33652440769781,
        1.987401888240994,
        1.9901311775180943,
        0.49545663086098923
    ],
    "unc_effcal": [
        [
            2.106202597682942e-07,
            8877.706111003117,
            6.368209261060613e-05,
            0.00010591050224032865,
            -4.55730502155598e-05
        ],
        [
            8877.706111003115,
            3985969067868469.5,
            6609844.264854379,
            7092809.109016136,
            -2539177.3874830855
        ],
        [
            6.368209261060613e-05,
            6609844.26485438,
            0.03661212246421341,
            0.04849681113302175,
            -0.017660507260824257
        ],
        [
            0.00010591050224032865,
            7092809.109016136,
            0.04849681113302175,
            0.07302378544271544,
            -0.027903297335309055
        ],
        [
            -4.55730502155598e-05,
            -2539177.3874830855,
            -0.017660507260824257,
            -0.027903297335309055,
            0.011177260130837625
        ]
    ],
    "rescal": [
        1.2253202599142403,
        0.0010891989603655197
    ],
    "_calib_data": {
        "engcal": {
            "channel": [
                303.52814267795986,
                608.9892675175478,
                736.3929716928168,
                819.5188011377534,
                856.2952583557347,
                914.6255703032612,
                1022.2749608016422,
                1103.7720424931313,
                1215.0426218422476,
                1251.0068499388103,
                1402.8046968318918,
                1456.8672153460598,
                1685.3793509815232,
                1711.2335920674977,
                1788.571195830477,
                1935.331465484423,
                2013.612047454278,
                2155.06198641274,
                2284.339850548545,
                2303.295290373538,
                2394.9501200856967,
                2497.157785478865,
                2697.631102324834,
                2708.6223999999997,
                2762.2661110998943,
                3013.040638402564,
                3105.7861204906226,
                3226.5162131533198,
                3496.8693147884246,
                3619.577793773417,
                3795.5431099151447,
                1644.2887187508609
            ],
            "energy": [
                121.7817,
                244.6974,
                295.9387,
                329.41,
                344.2785,
                367.7891,
                411.1165,
                443.9606,
                488.6792,
                503.467,
                563.986,
                586.2648,
                678.623,
                688.67,
                719.346,
                778.9045,
                810.451,
                867.38,
                919.337,
                926.31,
                964.057,
                1005.27,
                1085.837,
                1089.737,
                1112.076,
                1212.948,
                1249.94,
                1299.142,
                1408.013,
                1457.643,
                1528.1,
                661.657
            ],
            "unc_channel": [
                0.0037529571177990747,
                0.0043622125991663535,
                0.028584551216750735,
                0.09563138273446034,
                0.003915884679141473,
                0.018680438560128555,
                0.018692905265914158,
                0.009042938154919657,
                0.05807180401471968,
                0.1377937086545759,
                0.05881638572263398,
                0.056394852867741124,
                0.10941542131792958,
                0.05662851881664916,
                0.12181525916739973,
                0.0145944999731536,
                0.12375157437498163,
                0.019197724015353766,
                0.10675081687154879,
                0.20249682505330682,
                0.02034018812495773,
                0.05273598286774141,
                0.0359552839031022,
                0.16908727227910594,
                0.026467986113160806,
                0.05311471296596507,
                0.20049446615652786,
                0.06520421490806225,
                0.03767671544164855,
                0.13698602155366077,
                0.09776491996545343,
                0.020256075078213157
            ],
            "fit": [
                -0.39918555699707053,
                0.4024483705183539,
                9.78212126435753e-08
            ],
            "unc": [
                [
                    0.00038137192676433013,
                    -6.812996482779277e-07,
                    2.0826986480530724e-10
                ],
                [
                    -6.812996482779277e-07,
                    1.4333971576397886e-09,
                    -4.736144040387714e-13
                ],
                [
                    2.0826986480530724e-10,
                    -4.736144040387714e-13,
                    1.770347258836401e-16
                ]
            ]
        },
        "rescal": {
            "channel": [
                608.9892675175478,
                736.3929716928168,
                819.5188011377534,
                856.2952583557347,
                914.6255703032612,
                1022.2749608016422,
                1103.7720424931313,
                1215.0426218422476,
                1251.0068499388103,
                1456.8672153460598,
                1685.3793509815232,
                1711.2335920674977,
                1788.571195830477,
                1935.331465484423,
                2013.612047454278,
                2155.06198641274,
                2284.339850548545,
                2303.295290373538,
                2394.9501200856967,
                2497.157785478865,
                2708.6223999999997,
                2762.2661110998943,
                3013.040638402564,
                3105.7861204906226,
                3226.5162131533198,
                3496.8693147884246,
                3619.577793773417,
                3795.5431099151447,
                1644.2887187508609
            ],
            "width": [
                1.8551036141944157,
                1.9231811328952049,
                1.6304716004301476,
                2.132006073196443,
                2.334820077918663,
                2.3336775132208283,
                2.3460880061245,
                2.532161601133175,
                1.923831284999476,
                3.094322434109398,
                4.010399999999999,
                3.185871557926945,
                3.245905243009028,
                3.34664068014772,
                3.202373578408062,
                3.628874788155872,
                3.5016812687075407,
                3.778471641313836,
                3.8789557041546217,
                3.844534095779321,
                3.05992444313677,
                4.409561343809136,
                4.554236284494525,
                4.661942710054839,
                4.831088278506747,
                5.096399999999999,
                5.1701999999999995,
                5.275199999999999,
                2.972278383998647
            ],